dataset,video_path,subject,camera,scenario,activity,source_label,label,start_s,end_s,pose_path,pose_cache_hit,pose_cache_version
CAUCAFall,/content/fall_detection_work/CAUCAFall/Cauca_fall/clips/Subject.1/HopS1_9_0.000_9.100_1_1_caucafall.avi,1,1,HopS1,other,9,0,0.0,9.1,/content/drive/MyDrive/fall_detection_project/pose_cache/pose_v2_yolo11n_T32_C8_batch32_fp16/CAUCAFall_dce7b4e2df0d361183a9.npz,False,pose_v2_yolo11n_T32_C8_batch32_fp16
CAUCAFall,/content/fall_detection_work/CAUCAFall/Cauca_fall/clips/Subject.1/KneelS1_9_0.000_10.950_1_1_caucafall.avi,1,1,KneelS1,other,9,0,0.0,10.95,/content/drive/MyDrive/fall_detection_project/pose_cache/pose_v2_yolo11n_T32_C8_batch32_fp16/CAUCAFall_5d93be7174297cd0486b.npz,False,pose_v2_yolo11n_T32_C8_batch32_fp16
CAUCAFall,/content/fall_detection_work/CAUCAFall/Cauca_fall/clips/Subject.1/PickupobjectS1_0_0.000_1.200_1_1_caucafall.avi,1,1,PickupobjectS1,walk,0,0,0.0,1.2,/content/drive/MyDrive/fall_detection_project/pose_cache/pose_v2_yolo11n_T32_C8_batch32_fp16/CAUCAFall_1b9dd5c92856e709041b.npz,False,pose_v2_yolo11n_T32_C8_batch32_fp16
CAUCAFall,/content/fall_detection_work/CAUCAFall/Cauca_fall/clips/Subject.1/SitDownS1_3_0.000_5.737_1_1_caucafall.avi,1,1,SitDownS1,sit_down,3,0,0.0,5.73692,/content/drive/MyDrive/fall_detection_project/pose_cache/pose_v2_yolo11n_T32_C8_batch32_fp16/CAUCAFall_c0b55b42f1f3740a4625.npz,False,pose_v2_yolo11n_T32_C8_batch32_fp16
CAUCAFall,/content/fall_detection_work/CAUCAFall/Cauca_fall/clips/Subject.1/FallBackwardsS1_1_1.930_3.770_1_1_caucafall.avi,1,1,FallBackwardsS1,standing,8,0,0.0,1.93,/content/drive/MyDrive/fall_detection_project/pose_cache/pose_v2_yolo11n_T32_C8_batch32_fp16/CAUCAFall_f94f630a796473e8ea2e.npz,False,pose_v2_yolo11n_T32_C8_batch32_fp16
CAUCAFall,/content/fall_detection_work/CAUCAFall/Cauca_fall/clips/Subject.1/WalkS1_0_0.000_6.460_1_1_caucafall.avi,1,1,WalkS1,walk,0,0,0.0,6.46,/content/drive/MyDrive/fall_detection_project/pose_cache/pose_v2_yolo11n_T32_C8_batch32_fp16/CAUCAFall_93e10664c05ff30a0bf1.npz,False,pose_v2_yolo11n_T32_C8_batch32_fp16
CAUCAFall,/content/fall_detection_work/CAUCAFall/Cauca_fall/clips/Subject.1/FallForwardS1_0_2.920_5.320_1_1_caucafall.avi,1,1,FallForwardS1,standing,8,0,0.0,2.92,/content/drive/MyDrive/fall_detection_project/pose_cache/pose_v2_yolo11n_T32_C8_batch32_fp16/CAUCAFall_c2cb19437353a06db2a5.npz,False,pose_v2_yolo11n_T32_C8_batch32_fp16
CAUCAFall,/content/fall_detection_work/CAUCAFall/Cauca_fall/clips/Subject.1/FallLeftS1_0_0.000_0.910_1_1_caucafall.avi,1,1,FallLeftS1,walk,0,0,0.0,0.91,/content/drive/MyDrive/fall_detection_project/pose_cache/pose_v2_yolo11n_T32_C8_batch32_fp16/CAUCAFall_36c669930e9cbe06ca7e.npz,False,pose_v2_yolo11n_T32_C8_batch32_fp16
CAUCAFall,/content/fall_detection_work/CAUCAFall/Cauca_fall/clips/Subject.1/FallRightS1_1_0.530_3.430_1_1_caucafall.avi,1,1,FallRightS1,standing,8,0,0.0,0.53,/content/drive/MyDrive/fall_detection_project/pose_cache/pose_v2_yolo11n_T32_C8_batch32_fp16/CAUCAFall_60a0b246e5c35570b8fb.npz,False,pose_v2_yolo11n_T32_C8_batch32_fp16
CAUCAFall,/content/fall_detection_work/CAUCAFall/Cauca_fall/clips/Subject.1/FallSittingS1_1_1.850_5.990_1_1_caucafall.avi,1,1,FallSittingS1,sitting,4,0,0.0,1.85,/content/drive/MyDrive/fall_detection_project/pose_cache/pose_v2_yolo11n_T32_C8_batch32_fp16/CAUCAFall_6b32191a1f2aab0dc6cc.npz,False,pose_v2_yolo11n_T32_C8_batch32_fp16
CAUCAFall,/content/fall_detection_work/CAUCAFall/Cauca_fall/clips/Subject.1/FallRightS1_1_0.530_3.430_1_1_caucafall.avi,1,1,FallRightS1,fall,1,1,0.53,3.43,/content/drive/MyDrive/fall_detection_project/pose_cache/pose_v2_yolo11n_T32_C8_batch32_fp16/CAUCAFall_d3ac4f8a33b8917d8a78.npz,False,pose_v2_yolo11n_T32_C8_batch32_fp16
CAUCAFall,/content/fall_detection_work/CAUCAFall/Cauca_fall/clips/Subject.1/FallSittingS1_1_1.850_5.990_1_1_caucafall.avi,1,1,FallSittingS1,fall,1,1,1.85,5.99,/content/drive/MyDrive/fall_detection_project/pose_cache/pose_v2_yolo11n_T32_C8_batch32_fp16/CAUCAFall_e62db5b01176a9393938.npz,False,pose_v2_yolo11n_T32_C8_batch32_fp16
CAUCAFall,/content/fall_detection_work/CAUCAFall/Cauca_fall/clips/Subject.2/FallForwardS2_1_0.000_1.880_2_1_caucafall.avi,2,1,FallForwardS2,fall,1,1,0.0,1.88,/content/drive/MyDrive/fall_detection_project/pose_cache/pose_v2_yolo11n_T32_C8_batch32_fp16/CAUCAFall_8d3a38b8d6b64d4504b0.npz,False,pose_v2_yolo11n_T32_C8_batch32_fp16
CAUCAFall,/content/fall_detection_work/CAUCAFall/Cauca_fall/clips/Subject.2/HopS2_9_0.000_8.550_2_1_caucafall.avi,2,1,HopS2,other,9,0,0.0,8.55,/content/drive/MyDrive/fall_detection_project/pose_cache/pose_v2_yolo11n_T32_C8_batch32_fp16/CAUCAFall_5e312a6840867d84cf83.npz,False,pose_v2_yolo11n_T32_C8_batch32_fp16
CAUCAFall,/content/fall_detection_work/CAUCAFall/Cauca_fall/clips/Subject.2/KneelS2_7_4.990_6.490_2_1_caucafall.avi,2,1,KneelS2,other,9,0,0.0,5.0,/content/drive/MyDrive/fall_detection_project/pose_cache/pose_v2_yolo11n_T32_C8_batch32_fp16/CAUCAFall_2d68aa38ddea91636895.npz,False,pose_v2_yolo11n_T32_C8_batch32_fp16
CAUCAFall,/content/fall_detection_work/CAUCAFall/Cauca_fall/clips/Subject.2/SitDownS2_3_0.000_3.070_2_1_caucafall.avi,2,1,SitDownS2,sit_down,3,0,0.0,3.07025,/content/drive/MyDrive/fall_detection_project/pose_cache/pose_v2_yolo11n_T32_C8_batch32_fp16/CAUCAFall_a6de3730b77daf4c721d.npz,False,pose_v2_yolo11n_T32_C8_batch32_fp16
CAUCAFall,/content/fall_detection_work/CAUCAFall/Cauca_fall/clips/Subject.2/PickupobjectS2_0_0.000_1.296_2_1_caucafall.avi,2,1,PickupobjectS2,walk,0,0,0.0,1.2963,/content/drive/MyDrive/fall_detection_project/pose_cache/pose_v2_yolo11n_T32_C8_batch32_fp16/CAUCAFall_f32369cd03add0497002.npz,False,pose_v2_yolo11n_T32_C8_batch32_fp16
CAUCAFall,/content/fall_detection_work/CAUCAFall/Cauca_fall/clips/Subject.2/WalkS2_0_0.000_12.200_2_1_caucafall.avi,2,1,WalkS2,walk,0,0,0.0,12.2,/content/drive/MyDrive/fall_detection_project/pose_cache/pose_v2_yolo11n_T32_C8_batch32_fp16/CAUCAFall_9eddfc9e53a67f9f16e7.npz,False,pose_v2_yolo11n_T32_C8_batch32_fp16
CAUCAFall,/content/fall_detection_work/CAUCAFall/Cauca_fall/clips/Subject.2/FallBackwardsS2_1_2.060_4.660_2_1_caucafall.avi,2,1,FallBackwardsS2,standing,8,0,0.0,2.06,/content/drive/MyDrive/fall_detection_project/pose_cache/pose_v2_yolo11n_T32_C8_batch32_fp16/CAUCAFall_af9c766de3cbee31a7f6.npz,False,pose_v2_yolo11n_T32_C8_batch32_fp16
CAUCAFall,/content/fall_detection_work/CAUCAFall/Cauca_fall/clips/Subject.2/FallRightS2_0_0.280_1.060_2_1_caucafall.avi,2,1,FallRightS2,standing,8,0,0.0,0.28,/content/drive/MyDrive/fall_detection_project/pose_cache/pose_v2_yolo11n_T32_C8_batch32_fp16/CAUCAFall_54ad3e0a1f7426c0da93.npz,False,pose_v2_yolo11n_T32_C8_batch32_fp16
CAUCAFall,/content/fall_detection_work/CAUCAFall/Cauca_fall/clips/Subject.2/FallSittingS2_1_2.240_5.620_2_1_caucafall.avi,2,1,FallSittingS2,sitting,4,0,0.0,2.24,/content/drive/MyDrive/fall_detection_project/pose_cache/pose_v2_yolo11n_T32_C8_batch32_fp16/CAUCAFall_58754267bea016f6aa60.npz,False,pose_v2_yolo11n_T32_C8_batch32_fp16
CAUCAFall,/content/fall_detection_work/CAUCAFall/Cauca_fall/clips/Subject.2/FallLeftS2_1_0.610_3.230_2_1_caucafall.avi,2,1,FallLeftS2,standing,8,0,0.01,0.61,/content/drive/MyDrive/fall_detection_project/pose_cache/pose_v2_yolo11n_T32_C8_batch32_fp16/CAUCAFall_ca2bef25c8f4f1145214.npz,False,pose_v2_yolo11n_T32_C8_batch32_fp16
CAUCAFall,/content/fall_detection_work/CAUCAFall/Cauca_fall/clips/Subject.2/FallRightS2_0_0.280_1.060_2_1_caucafall.avi,2,1,FallRightS2,walk,0,0,0.28,1.06,/content/drive/MyDrive/fall_detection_project/pose_cache/pose_v2_yolo11n_T32_C8_batch32_fp16/CAUCAFall_55f241a0288a02bb4882.npz,False,pose_v2_yolo11n_T32_C8_batch32_fp16
CAUCAFall,/content/fall_detection_work/CAUCAFall/Cauca_fall/clips/Subject.2/FallLeftS2_1_0.610_3.230_2_1_caucafall.avi,2,1,FallLeftS2,fall,1,1,0.61,3.23,/content/drive/MyDrive/fall_detection_project/pose_cache/pose_v2_yolo11n_T32_C8_batch32_fp16/CAUCAFall_3a0ee93533c76b06f789.npz,False,pose_v2_yolo11n_T32_C8_batch32_fp16
CAUCAFall,/content/fall_detection_work/CAUCAFall/Cauca_fall/clips/Subject.2/FallForwardS2_1_0.000_1.880_2_1_caucafall.avi,2,1,FallForwardS2,fallen,2,1,1.68,5.3,/content/drive/MyDrive/fall_detection_project/pose_cache/pose_v2_yolo11n_T32_C8_batch32_fp16/CAUCAFall_49a023aaa11624ea085b.npz,False,pose_v2_yolo11n_T32_C8_batch32_fp16
CAUCAFall,/content/fall_detection_work/CAUCAFall/Cauca_fall/clips/Subject.2/FallBackwardsS2_1_2.060_4.660_2_1_caucafall.avi,2,1,FallBackwardsS2,fall,1,1,2.06,4.66,/content/drive/MyDrive/fall_detection_project/pose_cache/pose_v2_yolo11n_T32_C8_batch32_fp16/CAUCAFall_4469d05500b7d0104204.npz,False,pose_v2_yolo11n_T32_C8_batch32_fp16
CAUCAFall,/content/fall_detection_work/CAUCAFall/Cauca_fall/clips/Subject.2/FallSittingS2_1_2.240_5.620_2_1_caucafall.avi,2,1,FallSittingS2,fall,1,1,2.24,5.62,/content/drive/MyDrive/fall_detection_project/pose_cache/pose_v2_yolo11n_T32_C8_batch32_fp16/CAUCAFall_1f1c81d5da084e463262.npz,False,pose_v2_yolo11n_T32_C8_batch32_fp16
CAUCAFall,/content/fall_detection_work/CAUCAFall/Cauca_fall/clips/Subject.3/HopS3_9_0.000_8.100_3_1_caucafall.avi,3,1,HopS3,other,9,0,0.0,8.1,/content/drive/MyDrive/fall_detection_project/pose_cache/pose_v2_yolo11n_T32_C8_batch32_fp16/CAUCAFall_d5b52ed17136eabcd810.npz,False,pose_v2_yolo11n_T32_C8_batch32_fp16
CAUCAFall,/content/fall_detection_work/CAUCAFall/Cauca_fall/clips/Subject.3/KneelS3_7_6.990_10.648_3_1_caucafall.avi,3,1,KneelS3,other,9,0,0.0,6.99,/content/drive/MyDrive/fall_detection_project/pose_cache/pose_v2_yolo11n_T32_C8_batch32_fp16/CAUCAFall_91248948eb861413ce35.npz,False,pose_v2_yolo11n_T32_C8_batch32_fp16
CAUCAFall,/content/fall_detection_work/CAUCAFall/Cauca_fall/clips/Subject.3/PickupobjectS3_0_0.000_1.696_3_1_caucafall.avi,3,1,PickupobjectS3,walk,0,0,0.0,1.69589,/content/drive/MyDrive/fall_detection_project/pose_cache/pose_v2_yolo11n_T32_C8_batch32_fp16/CAUCAFall_39582ec1ba3113ee0711.npz,False,pose_v2_yolo11n_T32_C8_batch32_fp16
CAUCAFall,/content/fall_detection_work/CAUCAFall/Cauca_fall/clips/Subject.3/SitDownS3_3_1.987_5.612_3_1_caucafall.avi,3,1,SitDownS3,other,9,0,0.0,1.98692,/content/drive/MyDrive/fall_detection_project/pose_cache/pose_v2_yolo11n_T32_C8_batch32_fp16/CAUCAFall_b5324615ec66cf9876b8.npz,False,pose_v2_yolo11n_T32_C8_batch32_fp16
CAUCAFall,/content/fall_detection_work/CAUCAFall/Cauca_fall/clips/Subject.3/WalkS3_0_0.000_8.800_3_1_caucafall.avi,3,1,WalkS3,walk,0,0,0.0,8.8,/content/drive/MyDrive/fall_detection_project/pose_cache/pose_v2_yolo11n_T32_C8_batch32_fp16/CAUCAFall_c4dbce9c6e31144dedb3.npz,False,pose_v2_yolo11n_T32_C8_batch32_fp16
CAUCAFall,/content/fall_detection_work/CAUCAFall/Cauca_fall/clips/Subject.3/FallBackwardsS3_1_2.220_5.000_3_1_caucafall.avi,3,1,FallBackwardsS3,standing,8,0,0.0,2.22,/content/drive/MyDrive/fall_detection_project/pose_cache/pose_v2_yolo11n_T32_C8_batch32_fp16/CAUCAFall_52d9851eec8b141eb570.npz,False,pose_v2_yolo11n_T32_C8_batch32_fp16
CAUCAFall,/content/fall_detection_work/CAUCAFall/Cauca_fall/clips/Subject.3/FallForwardS3_1_3.010_5.190_3_1_caucafall.avi,3,1,FallForwardS3,standing,8,0,0.0,3.01,/content/drive/MyDrive/fall_detection_project/pose_cache/pose_v2_yolo11n_T32_C8_batch32_fp16/CAUCAFall_8012347535ee8a2c1952.npz,False,pose_v2_yolo11n_T32_C8_batch32_fp16
CAUCAFall,/content/fall_detection_work/CAUCAFall/Cauca_fall/clips/Subject.3/FallLeftS3_1_4.270_6.130_3_1_caucafall.avi,3,1,FallLeftS3,standing,8,0,0.0,4.27,/content/drive/MyDrive/fall_detection_project/pose_cache/pose_v2_yolo11n_T32_C8_batch32_fp16/CAUCAFall_6f99cf9231ad2f74a521.npz,False,pose_v2_yolo11n_T32_C8_batch32_fp16
CAUCAFall,/content/fall_detection_work/CAUCAFall/Cauca_fall/clips/Subject.3/FallRightS3_1_1.760_3.760_3_1_caucafall.avi,3,1,FallRightS3,standing,8,0,0.0,1.76,/content/drive/MyDrive/fall_detection_project/pose_cache/pose_v2_yolo11n_T32_C8_batch32_fp16/CAUCAFall_020999c9f5a379d14a88.npz,False,pose_v2_yolo11n_T32_C8_batch32_fp16
CAUCAFall,/content/fall_detection_work/CAUCAFall/Cauca_fall/clips/Subject.3/FallSittingS3_1_1.500_3.420_3_1_caucafall.avi,3,1,FallSittingS3,sitting,4,0,0.0,1.5,/content/drive/MyDrive/fall_detection_project/pose_cache/pose_v2_yolo11n_T32_C8_batch32_fp16/CAUCAFall_53a3f7ac0aa9768bc326.npz,False,pose_v2_yolo11n_T32_C8_batch32_fp16
CAUCAFall,/content/fall_detection_work/CAUCAFall/Cauca_fall/clips/Subject.3/FallSittingS3_1_1.500_3.420_3_1_caucafall.avi,3,1,FallSittingS3,fall,1,1,1.5,3.42,/content/drive/MyDrive/fall_detection_project/pose_cache/pose_v2_yolo11n_T32_C8_batch32_fp16/CAUCAFall_90d3c94ff788862f2544.npz,False,pose_v2_yolo11n_T32_C8_batch32_fp16
CAUCAFall,/content/fall_detection_work/CAUCAFall/Cauca_fall/clips/Subject.3/FallRightS3_1_1.760_3.760_3_1_caucafall.avi,3,1,FallRightS3,fall,1,1,1.76,3.76,/content/drive/MyDrive/fall_detection_project/pose_cache/pose_v2_yolo11n_T32_C8_batch32_fp16/CAUCAFall_4d500351ddc3aca3bb1d.npz,False,pose_v2_yolo11n_T32_C8_batch32_fp16
CAUCAFall,/content/fall_detection_work/CAUCAFall/Cauca_fall/clips/Subject.3/SitDownS3_3_1.987_5.612_3_1_caucafall.avi,3,1,SitDownS3,sit_down,3,0,1.987,5.61192,/content/drive/MyDrive/fall_detection_project/pose_cache/pose_v2_yolo11n_T32_C8_batch32_fp16/CAUCAFall_d628f12d0606e49a2ae3.npz,False,pose_v2_yolo11n_T32_C8_batch32_fp16
CAUCAFall,/content/fall_detection_work/CAUCAFall/Cauca_fall/clips/Subject.3/FallBackwardsS3_1_2.220_5.000_3_1_caucafall.avi,3,1,FallBackwardsS3,fall,1,1,2.22,5.0,/content/drive/MyDrive/fall_detection_project/pose_cache/pose_v2_yolo11n_T32_C8_batch32_fp16/CAUCAFall_78660f2c1a0279c62018.npz,False,pose_v2_yolo11n_T32_C8_batch32_fp16
CAUCAFall,/content/fall_detection_work/CAUCAFall/Cauca_fall/clips/Subject.4/FallForwardS4_1_0.000_2.000_4_1_caucafall.avi,4,1,FallForwardS4,fall,1,1,0.0,2.0,/content/drive/MyDrive/fall_detection_project/pose_cache/pose_v2_yolo11n_T32_C8_batch32_fp16/CAUCAFall_baed4da6403519719e7e.npz,False,pose_v2_yolo11n_T32_C8_batch32_fp16
CAUCAFall,/content/fall_detection_work/CAUCAFall/Cauca_fall/clips/Subject.4/HopS4_9_0.000_7.200_4_1_caucafall.avi,4,1,HopS4,other,9,0,0.0,7.2,/content/drive/MyDrive/fall_detection_project/pose_cache/pose_v2_yolo11n_T32_C8_batch32_fp16/CAUCAFall_522722f04c3af4828b98.npz,False,pose_v2_yolo11n_T32_C8_batch32_fp16
CAUCAFall,/content/fall_detection_work/CAUCAFall/Cauca_fall/clips/Subject.4/KneelS4_7_8.531_11.091_4_1_caucafall.avi,4,1,KneelS4,other,9,0,0.0,8.54,/content/drive/MyDrive/fall_detection_project/pose_cache/pose_v2_yolo11n_T32_C8_batch32_fp16/CAUCAFall_1a7cd3e766b6c1ae5084.npz,False,pose_v2_yolo11n_T32_C8_batch32_fp16
CAUCAFall,/content/fall_detection_work/CAUCAFall/Cauca_fall/clips/Subject.4/PickupobjectS4_0_0.000_8.950_4_1_caucafall.avi,4,1,PickupobjectS4,walk,0,0,0.0,8.95,/content/drive/MyDrive/fall_detection_project/pose_cache/pose_v2_yolo11n_T32_C8_batch32_fp16/CAUCAFall_b5b875315602248ba9e1.npz,False,pose_v2_yolo11n_T32_C8_batch32_fp16
CAUCAFall,/content/fall_detection_work/CAUCAFall/Cauca_fall/clips/Subject.4/SitDownS4_3_2.799_5.987_4_1_caucafall.avi,4,1,SitDownS4,other,9,0,0.0,2.79942,/content/drive/MyDrive/fall_detection_project/pose_cache/pose_v2_yolo11n_T32_C8_batch32_fp16/CAUCAFall_dce6ca1261b6b780f27b.npz,False,pose_v2_yolo11n_T32_C8_batch32_fp16
CAUCAFall,/content/fall_detection_work/CAUCAFall/Cauca_fall/clips/Subject.4/WalkS4_0_0.000_12.000_4_1_caucafall.avi,4,1,WalkS4,walk,0,0,0.0,12.0,/content/drive/MyDrive/fall_detection_project/pose_cache/pose_v2_yolo11n_T32_C8_batch32_fp16/CAUCAFall_f89c621fbe313e11e1c8.npz,False,pose_v2_yolo11n_T32_C8_batch32_fp16
CAUCAFall,/content/fall_detection_work/CAUCAFall/Cauca_fall/clips/Subject.4/FallBackwardsS4_0_0.000_2.150_4_1_caucafall.avi,4,1,FallBackwardsS4,walk,0,0,0.0,2.15,/content/drive/MyDrive/fall_detection_project/pose_cache/pose_v2_yolo11n_T32_C8_batch32_fp16/CAUCAFall_bcd651b9f3dd11078260.npz,False,pose_v2_yolo11n_T32_C8_batch32_fp16
CAUCAFall,/content/fall_detection_work/CAUCAFall/Cauca_fall/clips/Subject.4/FallLeftS4_1_1.980_4.180_4_1_caucafall.avi,4,1,FallLeftS4,other,9,0,0.0,1.98,/content/drive/MyDrive/fall_detection_project/pose_cache/pose_v2_yolo11n_T32_C8_batch32_fp16/CAUCAFall_5e76f6a3de171c4283e5.npz,False,pose_v2_yolo11n_T32_C8_batch32_fp16
CAUCAFall,/content/fall_detection_work/CAUCAFall/Cauca_fall/clips/Subject.4/FallRightS4_1_1.180_3.180_4_1_caucafall.avi,4,1,FallRightS4,standing,8,0,0.0,1.18,/content/drive/MyDrive/fall_detection_project/pose_cache/pose_v2_yolo11n_T32_C8_batch32_fp16/CAUCAFall_a8de60e76ee944a1c774.npz,False,pose_v2_yolo11n_T32_C8_batch32_fp16
CAUCAFall,/content/fall_detection_work/CAUCAFall/Cauca_fall/clips/Subject.4/FallSittingS4_1_2.260_4.100_4_1_caucafall.avi,4,1,FallSittingS4,sitting,4,0,0.0,2.26,/content/drive/MyDrive/fall_detection_project/pose_cache/pose_v2_yolo11n_T32_C8_batch32_fp16/CAUCAFall_d364c40f77b8de3de9ec.npz,False,pose_v2_yolo11n_T32_C8_batch32_fp16
CAUCAFall,/content/fall_detection_work/CAUCAFall/Cauca_fall/clips/Subject.4/FallRightS4_1_1.180_3.180_4_1_caucafall.avi,4,1,FallRightS4,fall,1,1,1.18,3.18,/content/drive/MyDrive/fall_detection_project/pose_cache/pose_v2_yolo11n_T32_C8_batch32_fp16/CAUCAFall_e8040a9ff823dcf9d43e.npz,False,pose_v2_yolo11n_T32_C8_batch32_fp16
CAUCAFall,/content/fall_detection_work/CAUCAFall/Cauca_fall/clips/Subject.4/FallLeftS4_1_1.980_4.180_4_1_caucafall.avi,4,1,FallLeftS4,fall,1,1,1.98,4.18,/content/drive/MyDrive/fall_detection_project/pose_cache/pose_v2_yolo11n_T32_C8_batch32_fp16/CAUCAFall_97cc064addbd7f57aff0.npz,False,pose_v2_yolo11n_T32_C8_batch32_fp16
CAUCAFall,/content/fall_detection_work/CAUCAFall/Cauca_fall/clips/Subject.4/SitDownS4_3_2.799_5.987_4_1_caucafall.avi,4,1,SitDownS4,sit_down,3,0,2.799,5.98692,/content/drive/MyDrive/fall_detection_project/pose_cache/pose_v2_yolo11n_T32_C8_batch32_fp16/CAUCAFall_ca8c7c38ca284c47ffb7.npz,False,pose_v2_yolo11n_T32_C8_batch32_fp16
CAUCAFall,/content/fall_detection_work/CAUCAFall/Cauca_fall/clips/Subject.5/HopS5_9_0.000_6.100_5_1_caucafall.avi,5,1,HopS5,other,9,0,0.0,6.1,/content/drive/MyDrive/fall_detection_project/pose_cache/pose_v2_yolo11n_T32_C8_batch32_fp16/CAUCAFall_bbc559431847e1aec255.npz,False,pose_v2_yolo11n_T32_C8_batch32_fp16
CAUCAFall,/content/fall_detection_work/CAUCAFall/Cauca_fall/clips/Subject.5/PickupobjectS5_0_0.000_2.505_5_1_caucafall.avi,5,1,PickupobjectS5,walk,0,0,0.0,2.50465,/content/drive/MyDrive/fall_detection_project/pose_cache/pose_v2_yolo11n_T32_C8_batch32_fp16/CAUCAFall_e0c92cf73fa04fa2e8c7.npz,False,pose_v2_yolo11n_T32_C8_batch32_fp16
CAUCAFall,/content/fall_detection_work/CAUCAFall/Cauca_fall/clips/Subject.5/SitDownS5_0_0.000_2.299_5_1_caucafall.avi,5,1,SitDownS5,walk,0,0,0.0,2.29942,/content/drive/MyDrive/fall_detection_project/pose_cache/pose_v2_yolo11n_T32_C8_batch32_fp16/CAUCAFall_0dbfe60bd69044ad2c9e.npz,False,pose_v2_yolo11n_T32_C8_batch32_fp16
CAUCAFall,/content/fall_detection_work/CAUCAFall/Cauca_fall/clips/Subject.5/WalkS5_0_0.000_11.300_5_1_caucafall.avi,5,1,WalkS5,walk,0,0,0.0,11.3,/content/drive/MyDrive/fall_detection_project/pose_cache/pose_v2_yolo11n_T32_C8_batch32_fp16/CAUCAFall_8851c5bd1bec9071fa67.npz,False,pose_v2_yolo11n_T32_C8_batch32_fp16
CAUCAFall,/content/fall_detection_work/CAUCAFall/Cauca_fall/clips/Subject.5/FallBackwardsS5_1_0.750_3.850_5_1_caucafall.avi,5,1,FallBackwardsS5,standing,8,0,0.0,0.75,/content/drive/MyDrive/fall_detection_project/pose_cache/pose_v2_yolo11n_T32_C8_batch32_fp16/CAUCAFall_fa87de805fbc13bbd37a.npz,False,pose_v2_yolo11n_T32_C8_batch32_fp16
CAUCAFall,/content/fall_detection_work/CAUCAFall/Cauca_fall/clips/Subject.5/FallLeftS5_1_1.970_4.490_5_1_caucafall.avi,5,1,FallLeftS5,standing,8,0,0.0,1.97,/content/drive/MyDrive/fall_detection_project/pose_cache/pose_v2_yolo11n_T32_C8_batch32_fp16/CAUCAFall_688dcfff4958fa8c0aa6.npz,False,pose_v2_yolo11n_T32_C8_batch32_fp16
CAUCAFall,/content/fall_detection_work/CAUCAFall/Cauca_fall/clips/Subject.5/FallForwardS5_0_0.000_1.940_5_1_caucafall.avi,5,1,FallForwardS5,walk,0,0,0.0,1.94,/content/drive/MyDrive/fall_detection_project/pose_cache/pose_v2_yolo11n_T32_C8_batch32_fp16/CAUCAFall_7de2c199286206696f83.npz,False,pose_v2_yolo11n_T32_C8_batch32_fp16
CAUCAFall,/content/fall_detection_work/CAUCAFall/Cauca_fall/clips/Subject.5/FallRightS5_0_1.800_2.800_5_1_caucafall.avi,5,1,FallRightS5,standing,8,0,0.0,1.8,/content/drive/MyDrive/fall_detection_project/pose_cache/pose_v2_yolo11n_T32_C8_batch32_fp16/CAUCAFall_4c010116392e3c0301cc.npz,False,pose_v2_yolo11n_T32_C8_batch32_fp16
CAUCAFall,/content/fall_detection_work/CAUCAFall/Cauca_fall/clips/Subject.5/FallSittingS5_1_1.880_4.320_5_1_caucafall.avi,5,1,FallSittingS5,sitting,4,0,0.0,1.88,/content/drive/MyDrive/fall_detection_project/pose_cache/pose_v2_yolo11n_T32_C8_batch32_fp16/CAUCAFall_f1f30c702a6ab6edcb3f.npz,False,pose_v2_yolo11n_T32_C8_batch32_fp16
CAUCAFall,/content/fall_detection_work/CAUCAFall/Cauca_fall/clips/Subject.5/KneelS5_0_0.014_1.954_5_1_caucafall.avi,5,1,KneelS5,walk,0,0,0.014,1.954,/content/drive/MyDrive/fall_detection_project/pose_cache/pose_v2_yolo11n_T32_C8_batch32_fp16/CAUCAFall_143a5de4f3a3a36602f6.npz,False,pose_v2_yolo11n_T32_C8_batch32_fp16
CAUCAFall,/content/fall_detection_work/CAUCAFall/Cauca_fall/clips/Subject.5/FallBackwardsS5_1_0.750_3.850_5_1_caucafall.avi,5,1,FallBackwardsS5,fall,1,1,0.75,3.85,/content/drive/MyDrive/fall_detection_project/pose_cache/pose_v2_yolo11n_T32_C8_batch32_fp16/CAUCAFall_f2f4e6d5643f425a7928.npz,False,pose_v2_yolo11n_T32_C8_batch32_fp16
CAUCAFall,/content/fall_detection_work/CAUCAFall/Cauca_fall/clips/Subject.5/FallSittingS5_1_1.880_4.320_5_1_caucafall.avi,5,1,FallSittingS5,fall,1,1,1.88,4.32,/content/drive/MyDrive/fall_detection_project/pose_cache/pose_v2_yolo11n_T32_C8_batch32_fp16/CAUCAFall_b73ee186a926ac32a5a8.npz,False,pose_v2_yolo11n_T32_C8_batch32_fp16
CAUCAFall,/content/fall_detection_work/CAUCAFall/Cauca_fall/clips/Subject.5/FallLeftS5_1_1.970_4.490_5_1_caucafall.avi,5,1,FallLeftS5,fall,1,1,1.97,4.49,/content/drive/MyDrive/fall_detection_project/pose_cache/pose_v2_yolo11n_T32_C8_batch32_fp16/CAUCAFall_ae372ffa9964212ca9a4.npz,False,pose_v2_yolo11n_T32_C8_batch32_fp16
CAUCAFall,/content/fall_detection_work/CAUCAFall/Cauca_fall/clips/Subject.6/HopS6_9_0.000_8.100_6_1_caucafall.avi,6,1,HopS6,other,9,0,0.0,8.1,/content/drive/MyDrive/fall_detection_project/pose_cache/pose_v2_yolo11n_T32_C8_batch32_fp16/CAUCAFall_04500d0a3eb5eeaef876.npz,False,pose_v2_yolo11n_T32_C8_batch32_fp16
CAUCAFall,/content/fall_detection_work/CAUCAFall/Cauca_fall/clips/Subject.6/KneelS6_7_7.334_9.434_6_1_caucafall.avi,6,1,KneelS6,other,9,0,0.0,7.35,/content/drive/MyDrive/fall_detection_project/pose_cache/pose_v2_yolo11n_T32_C8_batch32_fp16/CAUCAFall_0593c5a5662dca5d73c7.npz,False,pose_v2_yolo11n_T32_C8_batch32_fp16
CAUCAFall,/content/fall_detection_work/CAUCAFall/Cauca_fall/clips/Subject.6/PickupobjectS6_0_0.000_2.195_6_1_caucafall.avi,6,1,PickupobjectS6,walk,0,0,0.0,2.19525,/content/drive/MyDrive/fall_detection_project/pose_cache/pose_v2_yolo11n_T32_C8_batch32_fp16/CAUCAFall_1b413bf169097bf17af8.npz,False,pose_v2_yolo11n_T32_C8_batch32_fp16
CAUCAFall,/content/fall_detection_work/CAUCAFall/Cauca_fall/clips/Subject.6/SitDownS6_0_0.000_2.424_6_1_caucafall.avi,6,1,SitDownS6,walk,0,0,0.0,2.42442,/content/drive/MyDrive/fall_detection_project/pose_cache/pose_v2_yolo11n_T32_C8_batch32_fp16/CAUCAFall_87c099360afe4ed44c2a.npz,False,pose_v2_yolo11n_T32_C8_batch32_fp16
CAUCAFall,/content/fall_detection_work/CAUCAFall/Cauca_fall/clips/Subject.6/WalkS6_0_0.000_13.300_6_1_caucafall.avi,6,1,WalkS6,walk,0,0,0.0,13.3,/content/drive/MyDrive/fall_detection_project/pose_cache/pose_v2_yolo11n_T32_C8_batch32_fp16/CAUCAFall_d543b68b219dbcc5f501.npz,False,pose_v2_yolo11n_T32_C8_batch32_fp16
CAUCAFall,/content/fall_detection_work/CAUCAFall/Cauca_fall/clips/Subject.6/FallBackwardsS6_1_2.220_5.920_6_1_caucafall.avi,6,1,FallBackwardsS6,standing,8,0,0.0,2.22,/content/drive/MyDrive/fall_detection_project/pose_cache/pose_v2_yolo11n_T32_C8_batch32_fp16/CAUCAFall_1a6a1c376504a41237a1.npz,False,pose_v2_yolo11n_T32_C8_batch32_fp16
CAUCAFall,/content/fall_detection_work/CAUCAFall/Cauca_fall/clips/Subject.6/FallForwardS6_0_0.000_2.360_6_1_caucafall.avi,6,1,FallForwardS6,walk,0,0,0.0,2.36,/content/drive/MyDrive/fall_detection_project/pose_cache/pose_v2_yolo11n_T32_C8_batch32_fp16/CAUCAFall_68b315ff2626b48a4afb.npz,False,pose_v2_yolo11n_T32_C8_batch32_fp16
CAUCAFall,/content/fall_detection_work/CAUCAFall/Cauca_fall/clips/Subject.6/FallLeftS6_0_0.000_1.080_6_1_caucafall.avi,6,1,FallLeftS6,walk,0,0,0.0,1.08,/content/drive/MyDrive/fall_detection_project/pose_cache/pose_v2_yolo11n_T32_C8_batch32_fp16/CAUCAFall_1bb6813fa860fbb683df.npz,False,pose_v2_yolo11n_T32_C8_batch32_fp16
CAUCAFall,/content/fall_detection_work/CAUCAFall/Cauca_fall/clips/Subject.6/FallRightS6_0_0.000_2.900_6_1_caucafall.avi,6,1,FallRightS6,walk,0,0,0.0,2.9,/content/drive/MyDrive/fall_detection_project/pose_cache/pose_v2_yolo11n_T32_C8_batch32_fp16/CAUCAFall_96317a0f60075b2eb10b.npz,False,pose_v2_yolo11n_T32_C8_batch32_fp16
CAUCAFall,/content/fall_detection_work/CAUCAFall/Cauca_fall/clips/Subject.6/FallSittingS6_1_2.980_6.020_6_1_caucafall.avi,6,1,FallSittingS6,sitting,4,0,0.0,2.98,/content/drive/MyDrive/fall_detection_project/pose_cache/pose_v2_yolo11n_T32_C8_batch32_fp16/CAUCAFall_94ac926676e5c42c9b92.npz,False,pose_v2_yolo11n_T32_C8_batch32_fp16
CAUCAFall,/content/fall_detection_work/CAUCAFall/Cauca_fall/clips/Subject.6/FallBackwardsS6_1_2.220_5.920_6_1_caucafall.avi,6,1,FallBackwardsS6,fall,1,1,2.22,5.92,/content/drive/MyDrive/fall_detection_project/pose_cache/pose_v2_yolo11n_T32_C8_batch32_fp16/CAUCAFall_06cd85717eb0ab00d368.npz,False,pose_v2_yolo11n_T32_C8_batch32_fp16
CAUCAFall,/content/fall_detection_work/CAUCAFall/Cauca_fall/clips/Subject.6/FallSittingS6_1_2.980_6.020_6_1_caucafall.avi,6,1,FallSittingS6,fall,1,1,2.98,6.02,/content/drive/MyDrive/fall_detection_project/pose_cache/pose_v2_yolo11n_T32_C8_batch32_fp16/CAUCAFall_7ce1cdd35815f688e3b1.npz,False,pose_v2_yolo11n_T32_C8_batch32_fp16
CAUCAFall,/content/fall_detection_work/CAUCAFall/Cauca_fall/clips/Subject.7/HopS7_9_0.000_9.900_7_1_caucafall.avi,7,1,HopS7,other,9,0,0.0,9.9,/content/drive/MyDrive/fall_detection_project/pose_cache/pose_v2_yolo11n_T32_C8_batch32_fp16/CAUCAFall_088feb81c891202b869e.npz,False,pose_v2_yolo11n_T32_C8_batch32_fp16
CAUCAFall,/content/fall_detection_work/CAUCAFall/Cauca_fall/clips/Subject.7/KneelS7_7_9.320_10.100_7_1_caucafall.avi,7,1,KneelS7,other,9,0,0.0,9.32,/content/drive/MyDrive/fall_detection_project/pose_cache/pose_v2_yolo11n_T32_C8_batch32_fp16/CAUCAFall_508cd17c2a226fc6b9e9.npz,False,pose_v2_yolo11n_T32_C8_batch32_fp16
CAUCAFall,/content/fall_detection_work/CAUCAFall/Cauca_fall/clips/Subject.7/PickupobjectS7_0_1.069_2.238_7_1_caucafall.avi,7,1,PickupobjectS7,stand_up,7,0,0.0,1.06946,/content/drive/MyDrive/fall_detection_project/pose_cache/pose_v2_yolo11n_T32_C8_batch32_fp16/CAUCAFall_3de516df24d53edc8711.npz,False,pose_v2_yolo11n_T32_C8_batch32_fp16
CAUCAFall,/content/fall_detection_work/CAUCAFall/Cauca_fall/clips/Subject.7/SitDownS7_0_0.000_0.799_7_1_caucafall.avi,7,1,SitDownS7,walk,0,0,0.0,0.79942,/content/drive/MyDrive/fall_detection_project/pose_cache/pose_v2_yolo11n_T32_C8_batch32_fp16/CAUCAFall_507a64d50897b5f2eea3.npz,False,pose_v2_yolo11n_T32_C8_batch32_fp16
CAUCAFall,/content/fall_detection_work/CAUCAFall/Cauca_fall/clips/Subject.7/WalkS7_0_0.000_9.650_7_1_caucafall.avi,7,1,WalkS7,walk,0,0,0.0,9.65,/content/drive/MyDrive/fall_detection_project/pose_cache/pose_v2_yolo11n_T32_C8_batch32_fp16/CAUCAFall_dc777365e2345d4a792b.npz,False,pose_v2_yolo11n_T32_C8_batch32_fp16
CAUCAFall,/content/fall_detection_work/CAUCAFall/Cauca_fall/clips/Subject.7/FallBackwardsS7_1_3.090_5.550_7_1_caucafall.avi,7,1,FallBackwardsS7,standing,8,0,0.0,3.09,/content/drive/MyDrive/fall_detection_project/pose_cache/pose_v2_yolo11n_T32_C8_batch32_fp16/CAUCAFall_b7502d00cd5db1cf99ee.npz,False,pose_v2_yolo11n_T32_C8_batch32_fp16
CAUCAFall,/content/fall_detection_work/CAUCAFall/Cauca_fall/clips/Subject.7/FallForwardS7_0_0.000_0.780_7_1_caucafall.avi,7,1,FallForwardS7,walk,0,0,0.0,0.78,/content/drive/MyDrive/fall_detection_project/pose_cache/pose_v2_yolo11n_T32_C8_batch32_fp16/CAUCAFall_6ab18c50e17766e265cc.npz,False,pose_v2_yolo11n_T32_C8_batch32_fp16
CAUCAFall,/content/fall_detection_work/CAUCAFall/Cauca_fall/clips/Subject.7/FallLeftS7_1_2.360_4.380_7_1_caucafall.avi,7,1,FallLeftS7,standing,8,0,0.0,2.36,/content/drive/MyDrive/fall_detection_project/pose_cache/pose_v2_yolo11n_T32_C8_batch32_fp16/CAUCAFall_7c7060a3939ab72cb2b6.npz,False,pose_v2_yolo11n_T32_C8_batch32_fp16
CAUCAFall,/content/fall_detection_work/CAUCAFall/Cauca_fall/clips/Subject.7/FallRightS7_1_1.030_3.090_7_1_caucafall.avi,7,1,FallRightS7,standing,8,0,0.0,1.03,/content/drive/MyDrive/fall_detection_project/pose_cache/pose_v2_yolo11n_T32_C8_batch32_fp16/CAUCAFall_1d7730fde150056884d9.npz,False,pose_v2_yolo11n_T32_C8_batch32_fp16
CAUCAFall,/content/fall_detection_work/CAUCAFall/Cauca_fall/clips/Subject.7/FallSittingS7_1_1.080_4.160_7_1_caucafall.avi,7,1,FallSittingS7,sitting,4,0,0.0,1.08,/content/drive/MyDrive/fall_detection_project/pose_cache/pose_v2_yolo11n_T32_C8_batch32_fp16/CAUCAFall_e951c7d709e322684215.npz,False,pose_v2_yolo11n_T32_C8_batch32_fp16
CAUCAFall,/content/fall_detection_work/CAUCAFall/Cauca_fall/clips/Subject.7/FallRightS7_1_1.030_3.090_7_1_caucafall.avi,7,1,FallRightS7,fall,1,1,1.03,3.09,/content/drive/MyDrive/fall_detection_project/pose_cache/pose_v2_yolo11n_T32_C8_batch32_fp16/CAUCAFall_7a38bfc3ad8475cc8f3d.npz,False,pose_v2_yolo11n_T32_C8_batch32_fp16
CAUCAFall,/content/fall_detection_work/CAUCAFall/Cauca_fall/clips/Subject.7/PickupobjectS7_0_1.069_2.238_7_1_caucafall.avi,7,1,PickupobjectS7,walk,0,0,1.069,2.23792,/content/drive/MyDrive/fall_detection_project/pose_cache/pose_v2_yolo11n_T32_C8_batch32_fp16/CAUCAFall_0d8fa0f70c7c8f60a961.npz,False,pose_v2_yolo11n_T32_C8_batch32_fp16
CAUCAFall,/content/fall_detection_work/CAUCAFall/Cauca_fall/clips/Subject.7/FallSittingS7_1_1.080_4.160_7_1_caucafall.avi,7,1,FallSittingS7,fall,1,1,1.08,4.16,/content/drive/MyDrive/fall_detection_project/pose_cache/pose_v2_yolo11n_T32_C8_batch32_fp16/CAUCAFall_f9482a53c721cd5132f7.npz,False,pose_v2_yolo11n_T32_C8_batch32_fp16
CAUCAFall,/content/fall_detection_work/CAUCAFall/Cauca_fall/clips/Subject.8/HopS8_9_0.000_8.300_8_1_caucafall.avi,8,1,HopS8,other,9,0,0.0,8.3,/content/drive/MyDrive/fall_detection_project/pose_cache/pose_v2_yolo11n_T32_C8_batch32_fp16/CAUCAFall_05d78249995bffb562c8.npz,False,pose_v2_yolo11n_T32_C8_batch32_fp16
CAUCAFall,/content/fall_detection_work/CAUCAFall/Cauca_fall/clips/Subject.8/KneelS8_7_10.000_12.800_8_1_caucafall.avi,8,1,KneelS8,other,9,0,0.0,10.0,/content/drive/MyDrive/fall_detection_project/pose_cache/pose_v2_yolo11n_T32_C8_batch32_fp16/CAUCAFall_9e49e9869df8382bbfbc.npz,False,pose_v2_yolo11n_T32_C8_batch32_fp16
CAUCAFall,/content/fall_detection_work/CAUCAFall/Cauca_fall/clips/Subject.8/PickupobjectS8_0_0.000_1.883_8_1_caucafall.avi,8,1,PickupobjectS8,walk,0,0,0.0,1.88275,/content/drive/MyDrive/fall_detection_project/pose_cache/pose_v2_yolo11n_T32_C8_batch32_fp16/CAUCAFall_ad803b56d9444f0cbdae.npz,False,pose_v2_yolo11n_T32_C8_batch32_fp16
CAUCAFall,/content/fall_detection_work/CAUCAFall/Cauca_fall/clips/Subject.8/SitDownS8_3_0.000_4.966_8_1_caucafall.avi,8,1,SitDownS8,sit_down,3,0,0.0,4.96608,/content/drive/MyDrive/fall_detection_project/pose_cache/pose_v2_yolo11n_T32_C8_batch32_fp16/CAUCAFall_88219823b27b0175fb29.npz,False,pose_v2_yolo11n_T32_C8_batch32_fp16
CAUCAFall,/content/fall_detection_work/CAUCAFall/Cauca_fall/clips/Subject.8/WalkS8_0_0.000_10.800_8_1_caucafall.avi,8,1,WalkS8,walk,0,0,0.0,10.8,/content/drive/MyDrive/fall_detection_project/pose_cache/pose_v2_yolo11n_T32_C8_batch32_fp16/CAUCAFall_2a5631cf9e668e23ed03.npz,False,pose_v2_yolo11n_T32_C8_batch32_fp16
CAUCAFall,/content/fall_detection_work/CAUCAFall/Cauca_fall/clips/Subject.8/FallBackwardsS8_1_1.730_4.550_8_1_caucafall.avi,8,1,FallBackwardsS8,standing,8,0,0.0,1.73,/content/drive/MyDrive/fall_detection_project/pose_cache/pose_v2_yolo11n_T32_C8_batch32_fp16/CAUCAFall_b8e834daaf225267f467.npz,False,pose_v2_yolo11n_T32_C8_batch32_fp16
CAUCAFall,/content/fall_detection_work/CAUCAFall/Cauca_fall/clips/Subject.8/FallForwardS8_0_0.000_0.710_8_1_caucafall.avi,8,1,FallForwardS8,walk,0,0,0.0,0.71,/content/drive/MyDrive/fall_detection_project/pose_cache/pose_v2_yolo11n_T32_C8_batch32_fp16/CAUCAFall_72c7be8989b49eb1453f.npz,False,pose_v2_yolo11n_T32_C8_batch32_fp16
CAUCAFall,/content/fall_detection_work/CAUCAFall/Cauca_fall/clips/Subject.8/FallLeftS8_1_1.000_3.400_8_1_caucafall.avi,8,1,FallLeftS8,standing,8,0,0.0,1.0,/content/drive/MyDrive/fall_detection_project/pose_cache/pose_v2_yolo11n_T32_C8_batch32_fp16/CAUCAFall_ce10d3849a01af8b7fa9.npz,False,pose_v2_yolo11n_T32_C8_batch32_fp16
CAUCAFall,/content/fall_detection_work/CAUCAFall/Cauca_fall/clips/Subject.8/FallRightS8_0_0.000_1.580_8_1_caucafall.avi,8,1,FallRightS8,walk,0,0,0.0,1.58,/content/drive/MyDrive/fall_detection_project/pose_cache/pose_v2_yolo11n_T32_C8_batch32_fp16/CAUCAFall_8e31f74d88993da9b7db.npz,False,pose_v2_yolo11n_T32_C8_batch32_fp16
CAUCAFall,/content/fall_detection_work/CAUCAFall/Cauca_fall/clips/Subject.8/FallSittingS8_1_2.250_5.550_8_1_caucafall.avi,8,1,FallSittingS8,sitting,4,0,0.0,2.25,/content/drive/MyDrive/fall_detection_project/pose_cache/pose_v2_yolo11n_T32_C8_batch32_fp16/CAUCAFall_ef706f2c96dacebd3575.npz,False,pose_v2_yolo11n_T32_C8_batch32_fp16
CAUCAFall,/content/fall_detection_work/CAUCAFall/Cauca_fall/clips/Subject.8/FallLeftS8_1_1.000_3.400_8_1_caucafall.avi,8,1,FallLeftS8,fall,1,1,1.0,3.4,/content/drive/MyDrive/fall_detection_project/pose_cache/pose_v2_yolo11n_T32_C8_batch32_fp16/CAUCAFall_887920ed8a9c6d35e440.npz,False,pose_v2_yolo11n_T32_C8_batch32_fp16
CAUCAFall,/content/fall_detection_work/CAUCAFall/Cauca_fall/clips/Subject.8/FallBackwardsS8_1_1.730_4.550_8_1_caucafall.avi,8,1,FallBackwardsS8,fall,1,1,1.73,4.55,/content/drive/MyDrive/fall_detection_project/pose_cache/pose_v2_yolo11n_T32_C8_batch32_fp16/CAUCAFall_f75b57cfc863398522ce.npz,False,pose_v2_yolo11n_T32_C8_batch32_fp16
CAUCAFall,/content/fall_detection_work/CAUCAFall/Cauca_fall/clips/Subject.8/FallSittingS8_1_2.250_5.550_8_1_caucafall.avi,8,1,FallSittingS8,fall,1,1,2.25,5.55,/content/drive/MyDrive/fall_detection_project/pose_cache/pose_v2_yolo11n_T32_C8_batch32_fp16/CAUCAFall_2f34f858dfd2f64b25d0.npz,False,pose_v2_yolo11n_T32_C8_batch32_fp16
CAUCAFall,/content/fall_detection_work/CAUCAFall/Cauca_fall/clips/Subject.9/HopS9_8_0.000_0.700_9_1_caucafall.avi,9,1,HopS9,standing,8,0,0.0,0.7,/content/drive/MyDrive/fall_detection_project/pose_cache/pose_v2_yolo11n_T32_C8_batch32_fp16/CAUCAFall_6e7e8de443679c6d37a7.npz,False,pose_v2_yolo11n_T32_C8_batch32_fp16
CAUCAFall,/content/fall_detection_work/CAUCAFall/Cauca_fall/clips/Subject.9/KneelS9_0_0.000_2.280_9_1_caucafall.avi,9,1,KneelS9,walk,0,0,0.0,2.28,/content/drive/MyDrive/fall_detection_project/pose_cache/pose_v2_yolo11n_T32_C8_batch32_fp16/CAUCAFall_c24eaa48a06b32398278.npz,False,pose_v2_yolo11n_T32_C8_batch32_fp16
CAUCAFall,/content/fall_detection_work/CAUCAFall/Cauca_fall/clips/Subject.9/PickupobjectS9_0_0.000_2.383_9_1_caucafall.avi,9,1,PickupobjectS9,walk,0,0,0.0,2.38275,/content/drive/MyDrive/fall_detection_project/pose_cache/pose_v2_yolo11n_T32_C8_batch32_fp16/CAUCAFall_afe5a4320b679e103a73.npz,False,pose_v2_yolo11n_T32_C8_batch32_fp16
CAUCAFall,/content/fall_detection_work/CAUCAFall/Cauca_fall/clips/Subject.9/SitDownS9_0_0.000_0.862_9_1_caucafall.avi,9,1,SitDownS9,walk,0,0,0.0,0.86192,/content/drive/MyDrive/fall_detection_project/pose_cache/pose_v2_yolo11n_T32_C8_batch32_fp16/CAUCAFall_11880ba7de250053cc56.npz,False,pose_v2_yolo11n_T32_C8_batch32_fp16
CAUCAFall,/content/fall_detection_work/CAUCAFall/Cauca_fall/clips/Subject.9/WalkS9_0_0.000_11.700_9_1_caucafall.avi,9,1,WalkS9,walk,0,0,0.0,11.7,/content/drive/MyDrive/fall_detection_project/pose_cache/pose_v2_yolo11n_T32_C8_batch32_fp16/CAUCAFall_0a10eeaa025e181e93cd.npz,False,pose_v2_yolo11n_T32_C8_batch32_fp16
CAUCAFall,/content/fall_detection_work/CAUCAFall/Cauca_fall/clips/Subject.9/FallBackwardsS9_1_1.660_5.080_9_1_caucafall.avi,9,1,FallBackwardsS9,standing,8,0,0.0,1.66,/content/drive/MyDrive/fall_detection_project/pose_cache/pose_v2_yolo11n_T32_C8_batch32_fp16/CAUCAFall_84c8d1422f88553d2e6f.npz,False,pose_v2_yolo11n_T32_C8_batch32_fp16
CAUCAFall,/content/fall_detection_work/CAUCAFall/Cauca_fall/clips/Subject.9/FallForwardS9_0_0.000_1.250_9_1_caucafall.avi,9,1,FallForwardS9,walk,0,0,0.0,1.25,/content/drive/MyDrive/fall_detection_project/pose_cache/pose_v2_yolo11n_T32_C8_batch32_fp16/CAUCAFall_42fb6b9f6578ded3d482.npz,False,pose_v2_yolo11n_T32_C8_batch32_fp16
CAUCAFall,/content/fall_detection_work/CAUCAFall/Cauca_fall/clips/Subject.9/FallLeftS9_0_0.000_0.920_9_1_caucafall.avi,9,1,FallLeftS9,walk,0,0,0.0,0.92,/content/drive/MyDrive/fall_detection_project/pose_cache/pose_v2_yolo11n_T32_C8_batch32_fp16/CAUCAFall_e440b346b29880983676.npz,False,pose_v2_yolo11n_T32_C8_batch32_fp16
CAUCAFall,/content/fall_detection_work/CAUCAFall/Cauca_fall/clips/Subject.9/FallRightS9_0_0.000_1.500_9_1_caucafall.avi,9,1,FallRightS9,walk,0,0,0.0,1.5,/content/drive/MyDrive/fall_detection_project/pose_cache/pose_v2_yolo11n_T32_C8_batch32_fp16/CAUCAFall_393dec923b3609fde993.npz,False,pose_v2_yolo11n_T32_C8_batch32_fp16
CAUCAFall,/content/fall_detection_work/CAUCAFall/Cauca_fall/clips/Subject.9/FallSittingS9_1_1.540_5.000_9_1_caucafall.avi,9,1,FallSittingS9,sitting,4,0,0.0,1.54,/content/drive/MyDrive/fall_detection_project/pose_cache/pose_v2_yolo11n_T32_C8_batch32_fp16/CAUCAFall_a69c745352b5896d8f94.npz,False,pose_v2_yolo11n_T32_C8_batch32_fp16
CAUCAFall,/content/fall_detection_work/CAUCAFall/Cauca_fall/clips/Subject.9/FallSittingS9_1_1.540_5.000_9_1_caucafall.avi,9,1,FallSittingS9,fall,1,1,1.54,5.0,/content/drive/MyDrive/fall_detection_project/pose_cache/pose_v2_yolo11n_T32_C8_batch32_fp16/CAUCAFall_ffae4796312139e87a7f.npz,False,pose_v2_yolo11n_T32_C8_batch32_fp16
CAUCAFall,/content/fall_detection_work/CAUCAFall/Cauca_fall/clips/Subject.9/FallBackwardsS9_1_1.660_5.080_9_1_caucafall.avi,9,1,FallBackwardsS9,fall,1,1,1.66,5.08,/content/drive/MyDrive/fall_detection_project/pose_cache/pose_v2_yolo11n_T32_C8_batch32_fp16/CAUCAFall_a27fed0cb7f57f633fb0.npz,False,pose_v2_yolo11n_T32_C8_batch32_fp16
CAUCAFall,/content/fall_detection_work/CAUCAFall/Cauca_fall/clips/Subject.10/HopS10_9_0.000_12.400_10_1_caucafall.avi,10,1,HopS10,other,9,0,0.0,12.4,/content/drive/MyDrive/fall_detection_project/pose_cache/pose_v2_yolo11n_T32_C8_batch32_fp16/CAUCAFall_8e029b111c7a53738a9a.npz,False,pose_v2_yolo11n_T32_C8_batch32_fp16
CAUCAFall,/content/fall_detection_work/CAUCAFall/Cauca_fall/clips/Subject.10/KneelS10_7_10.982_13.042_10_1_caucafall.avi,10,1,KneelS10,other,9,0,0.0,10.99,/content/drive/MyDrive/fall_detection_project/pose_cache/pose_v2_yolo11n_T32_C8_batch32_fp16/CAUCAFall_8f581c11d67a1e722670.npz,False,pose_v2_yolo11n_T32_C8_batch32_fp16
CAUCAFall,/content/fall_detection_work/CAUCAFall/Cauca_fall/clips/Subject.10/PickupobjectS10_0_0.000_1.640_10_1_caucafall.avi,10,1,PickupobjectS10,walk,0,0,0.0,1.64,/content/drive/MyDrive/fall_detection_project/pose_cache/pose_v2_yolo11n_T32_C8_batch32_fp16/CAUCAFall_715dc4cc9c23fc4ee3e9.npz,False,pose_v2_yolo11n_T32_C8_batch32_fp16
CAUCAFall,/content/fall_detection_work/CAUCAFall/Cauca_fall/clips/Subject.10/SitDownS10_0_0.000_1.540_10_1_caucafall.avi,10,1,SitDownS10,walk,0,0,0.0,1.54,/content/drive/MyDrive/fall_detection_project/pose_cache/pose_v2_yolo11n_T32_C8_batch32_fp16/CAUCAFall_d225808c240fc3f3c947.npz,False,pose_v2_yolo11n_T32_C8_batch32_fp16
CAUCAFall,/content/fall_detection_work/CAUCAFall/Cauca_fall/clips/Subject.10/WalkS10_0_0.000_11.250_10_1_caucafall.avi,10,1,WalkS10,walk,0,0,0.0,11.25,/content/drive/MyDrive/fall_detection_project/pose_cache/pose_v2_yolo11n_T32_C8_batch32_fp16/CAUCAFall_caa527635884edb0cfd2.npz,False,pose_v2_yolo11n_T32_C8_batch32_fp16
CAUCAFall,/content/fall_detection_work/CAUCAFall/Cauca_fall/clips/Subject.10/FallBackwardsS10_1_1.910_4.410_10_1_caucafall.avi,10,1,FallBackwardsS10,standing,8,0,0.0,1.91,/content/drive/MyDrive/fall_detection_project/pose_cache/pose_v2_yolo11n_T32_C8_batch32_fp16/CAUCAFall_31648ba2f4816d30ccb9.npz,False,pose_v2_yolo11n_T32_C8_batch32_fp16
CAUCAFall,/content/fall_detection_work/CAUCAFall/Cauca_fall/clips/Subject.10/FallForwardS10_0_0.000_0.860_10_1_caucafall.avi,10,1,FallForwardS10,walk,0,0,0.0,0.86,/content/drive/MyDrive/fall_detection_project/pose_cache/pose_v2_yolo11n_T32_C8_batch32_fp16/CAUCAFall_c12b33a0c4d5fa35c9a6.npz,False,pose_v2_yolo11n_T32_C8_batch32_fp16
CAUCAFall,/content/fall_detection_work/CAUCAFall/Cauca_fall/clips/Subject.10/FallLeftS10_1_0.970_3.350_10_1_caucafall.avi,10,1,FallLeftS10,standing,8,0,0.0,0.97,/content/drive/MyDrive/fall_detection_project/pose_cache/pose_v2_yolo11n_T32_C8_batch32_fp16/CAUCAFall_287ebb3d5befd5a05a9f.npz,False,pose_v2_yolo11n_T32_C8_batch32_fp16
CAUCAFall,/content/fall_detection_work/CAUCAFall/Cauca_fall/clips/Subject.10/FallRightS10_1_2.270_4.410_10_1_caucafall.avi,10,1,FallRightS10,standing,8,0,0.0,2.27,/content/drive/MyDrive/fall_detection_project/pose_cache/pose_v2_yolo11n_T32_C8_batch32_fp16/CAUCAFall_5e50419ae3313217c39f.npz,False,pose_v2_yolo11n_T32_C8_batch32_fp16
CAUCAFall,/content/fall_detection_work/CAUCAFall/Cauca_fall/clips/Subject.10/FallSittingS10_1_1.850_4.450_10_1_caucafall.avi,10,1,FallSittingS10,sitting,4,0,0.0,1.85,/content/drive/MyDrive/fall_detection_project/pose_cache/pose_v2_yolo11n_T32_C8_batch32_fp16/CAUCAFall_62f7896a3b0648720d0b.npz,False,pose_v2_yolo11n_T32_C8_batch32_fp16
CAUCAFall,/content/fall_detection_work/CAUCAFall/Cauca_fall/clips/Subject.10/FallLeftS10_1_0.970_3.350_10_1_caucafall.avi,10,1,FallLeftS10,fall,1,1,0.97,3.35,/content/drive/MyDrive/fall_detection_project/pose_cache/pose_v2_yolo11n_T32_C8_batch32_fp16/CAUCAFall_8d53636c5847fb3baed9.npz,False,pose_v2_yolo11n_T32_C8_batch32_fp16
CAUCAFall,/content/fall_detection_work/CAUCAFall/Cauca_fall/clips/Subject.10/FallSittingS10_1_1.850_4.450_10_1_caucafall.avi,10,1,FallSittingS10,fall,1,1,1.85,4.45,/content/drive/MyDrive/fall_detection_project/pose_cache/pose_v2_yolo11n_T32_C8_batch32_fp16/CAUCAFall_ade3429f4d6b11429766.npz,False,pose_v2_yolo11n_T32_C8_batch32_fp16
CAUCAFall,/content/fall_detection_work/CAUCAFall/Cauca_fall/clips/Subject.10/FallBackwardsS10_1_1.910_4.410_10_1_caucafall.avi,10,1,FallBackwardsS10,fall,1,1,1.91,4.41,/content/drive/MyDrive/fall_detection_project/pose_cache/pose_v2_yolo11n_T32_C8_batch32_fp16/CAUCAFall_d6d7aede397b9581092d.npz,False,pose_v2_yolo11n_T32_C8_batch32_fp16
